{"cameraMode":{"drawMode":0,"name":"Shaded","section":"Shading Mode"},"sceneLighting":true,"audioPlay":false,"sceneViewState":{"showFog":true,"showMaterialUpdate":false,"showSkybox":true,"showFlares":true,"showImageEffects":true,"showParticleSystems":true},"in2DMode":false,"pivot":{"x":51.18931579589844,"y":1.2520766258239747,"z":31.40021514892578},"rotation":{"x":0.006425033323466778,"y":0.943909764289856,"z":-0.3296542763710022,"w":0.018389536067843438},"size":8.014615058898926,"orthographic":true}